{
 "training": {
  "rmse": [
   3.1254702619314627,
   2.8458311812807184,
   2.5408261455742056,
   2.494772095765734,
   2.4850805619398075,
   2.4813175793464883,
   2.4790274319365064,
   2.477434412803684,
   2.4762847610686394,
   2.475443279414079,
   2.474823901057336,
   2.4743643965777147,
   2.474015769911021,
   2.473739407373535,
   2.4735066452306285,
   2.4732979399180834,
   2.4731011826470786,
   2.4729096794862544,
   2.4727203141641154,
   2.472532127289881,
   2.47234532918074,
   2.472160667471773,
   2.4719790512506137,
   2.471801346559037,
   2.4716282794776996
  ],
  "map": [
   0.011405967405656537,
   0.49462094703753334,
   0.6113224925099291,
   0.6142026782764709,
   0.6131611962274869,
   0.6125961073377806,
   0.6111750244087008,
   0.6097423014989376,
   0.6086908176240543,
   0.6075667162433454,
   0.6065342101963238,
   0.6056716797705163,
   0.6052726129800908,
   0.6051415779493927,
   0.604808523445882,
   0.6049724193396001,
   0.6046730350966317,
   0.6044463430280914,
   0.6049661567264216,
   0.6049346038794029,
   0.6049350215445733,
   0.6052752110002084,
   0.6055352277958131,
   0.6053947014647987,
   0.6053497450061457
  ],
  "n": 20
 },
 "testing": {
  "rmse": [
   3.1183008289753134,
   3.2098441042552377,
   3.1039612098243805,
   3.096910938632633,
   3.0995693500435486,
   3.1015718562688224,
   3.1026307365072174,
   3.103235032342108,
   3.1036403141759346,
   3.1039541055236333,
   3.1042193342136244,
   3.10445141651395,
   3.104654595037271,
   3.1048294672412733,
   3.10497633188877,
   3.105096398859439,
   3.105191938082741,
   3.1052659812618835,
   3.1053219130513514,
   3.1053631126911596,
   3.1053927027857116,
   3.105413407119491,
   3.1054274959081827,
   3.1054367911049123,
   3.1054427072101305
  ],
  "map": [
   0.003743593796659954,
   0.059754489510627534,
   0.09036714732699164,
   0.09678998148345139,
   0.09787216099068671,
   0.09781334821347763,
   0.09736562007513766,
   0.09822431610216466,
   0.09876269057197407,
   0.09902021458221974,
   0.099044929539943,
   0.09951018879422867,
   0.0994166612160953,
   0.09939920316210095,
   0.09934470255054684,
   0.09928773920607017,
   0.0995852812351442,
   0.0995162994202671,
   0.09941536366497984,
   0.09938312903035598,
   0.09939767750598273,
   0.0991542227844536,
   0.09906467350828298,
   0.09884302460060594,
   0.09888263195162843
  ],
  "n": 20
 },
 "name": "Matrix Factorization",
 "f_name": "matrix_factorization_25_iter_25_k.json",
 "trained_with": "Alternating Least Squares",
 "n_iterations": 25,
 "n_latent_factors": 25,
 "user_reg": 0.01,
 "item_reg": 0.01
}