{"training": {"rmse": [3.1169655989563703, 2.7632209036903723, 2.767666815601463, 2.8280435517239972, 2.7474097628494025, 2.779643139958479, 2.8578835640125013, 2.804132006906502, 2.8848013195011895, 2.768612857454258], "map": [0.1450302995438653, 0.472034328340414, 0.4517892490208018, 0.4502791254361836, 0.47114743017274835, 0.4404207211778157, 0.4503242396350665, 0.46013692769628073, 0.4446609780412628, 0.44693978752410646], "n": 20}, "testing": {"rmse": [3.0482646177881674, 2.943227030478625, 2.9169155988417366, 2.997635145888584, 2.9325526831324122, 2.923920323384205, 2.9458860346898263, 2.90453700383183, 2.951939145532052, 2.9436405671076993], "map": [0.03231124993358587, 0.08800184134428522, 0.09647968737895415, 0.08972388333668949, 0.09169545470278344, 0.09243020224629232, 0.08393783581744867, 0.09304473957261718, 0.08769251817438116, 0.09105130774936031], "n": 20}, "name": "Functional Matrix Factorization", "trained_with": "Alternating Least Squares", "notes": "Updated item vectors w.r.t. all user vectors, regardless of whether they had rated the item or not. This naturally causes a higher RMSE, but much better MAP, too", "f_name": "fmf_broad_updates_10_iter_25_k.json", "n_iterations": 10, "n_latent_features": 25, "max_depth": 5, "user_reg": 0.01, "item_reg": 0.01}