{
  "training": {
    "rmse": [
      2.963782362715547,
      1.2063591844547683,
      1.1927708435114093,
      1.274250532830551,
      1.1892803243218755,
      1.220533464369944,
      1.1745596669078266,
      1.2036359644130523,
      1.1474378781414716,
      1.3277250402461296
    ],
    "map": [
      0.1530792378044526,
      0.09517347849323411,
      0.09517347849323411,
      0.09517347849323411,
      0.09517347849323411,
      0.09517347849323411,
      0.09517347849323411,
      0.1092934003356444,
      0.09501642152237826,
      0.09517347849323411
    ],
    "n": 20
  },
  "testing": {
    "rmse": [
      2.9662158338510944,
      1.287376345387338,
      1.2902879181132565,
      1.4076498406703601,
      1.2577697190722592,
      1.2599722502121167,
      1.2877267991513384,
      1.302677762128078,
      1.2578996862602336,
      1.42651839341305
    ],
    "map": [
      0.0684221400746687,
      0.04371366966113829,
      0.04371366966113829,
      0.04371366966113829,
      0.04371366966113829,
      0.04371366966113829,
      0.04371366966113829,
      0.06405291370627506,
      0.04362509256363262,
      0.04371366966113829
    ],
    "n": 20
  },
  "name": "Functional Matrix Factorization",
  "trained_with": "Alternating Least Squares",
  "notes": "Only updated item vectors w.r.t. users who have rated them. This gives low RMSE, but low MAP as well.",
  "f_name": "fmf_10_iter_25_k.json",
  "n_iterations": 10,
  "n_latent_features": 25,
  "max_depth": 5,
  "user_reg": 0.01,
  "item_reg": 0.01
}