{"training": {"rmse": [2.780198307948459, 2.8097898184218963, 2.789160168892696, 2.827000016910184, 2.8754740436080684, 2.8779927367130416, 2.838903029800579, 2.8187322973739177, 2.8466852547262875, 2.8881895232481365], "map": [0.12800805999481404, 0.44679062493288335, 0.44549489208743653, 0.42099058574045134, 0.4223537528117937, 0.42627562004810987, 0.41733927093422307, 0.40350672697551115, 0.4241165044530643, 0.4256686972123514], "n": 20}, "testing": {"rmse": [2.865632491978098, 3.059934618561526, 2.9734510213201073, 3.052121741172597, 3.05830190447321, 3.052766944994232, 2.9885065022299537, 3.0493632670612367, 3.019822599128142, 3.0281005134991092], "map": [0.04220766599180465, 0.10142643712304882, 0.11187129306697528, 0.10984040479114908, 0.10791401318532566, 0.10221572690272589, 0.11478957262921423, 0.11666739928166703, 0.11526264642044096, 0.10734164001487297], "n": 20}, "name": "Functional Matrix Factorization ft. CoFactor", "trained_with": "Alternating Least Squares (Joint Learning on item embeddings)", "notes": "Updating item embeddings broadly, using co-liked and co-disliked SPPMI.", "f_name": "fmf_cofactor_broad_updates_co_liked_disliked_10_iter_25_k.json", "n_iterations": 10, "n_latent_features": 25, "max_depth": 5, "user_reg": 0.01, "item_reg": 0.01}