{"training": {"rmse": [2.8844656288661397, 3.059772947701289, 1.3938580490789325, 1.2315684614756235, 1.2790977315322474, 1.225409504893026, 1.1637840838657658, 1.2633090891366137, 1.238681569186675, 1.1743059525961894], "map": [0.13298225779550862, 0.15968962773856082, 0.08104045045833295, 0.08053062905493107, 0.08492010378998592, 0.12429052552477915, 0.11143313953336131, 0.08435774541860937, 0.0980605000857858, 0.10946885092142758], "n": 20}, "testing": {"rmse": [2.920118147533147, 3.121931141295539, 1.5322457509290857, 1.202117733085256, 1.2712916360089004, 1.1835056951127718, 1.11875280549995, 1.2115843794530907, 1.207099226547999, 1.1214197480189056], "map": [0.040812649423727906, 0.05115381187094824, 0.03749365289645794, 0.015512462852273775, 0.014400134001198935, 0.028108727093309412, 0.024869418706631223, 0.01994927730477542, 0.016037128849438805, 0.02256223085249926], "n": 20}, "name": "Functional Matrix Factorization ft. CoFactor", "trained_with": "Alternating Least Squares (Joint Learning on item embeddings)", "notes": "Updated item embeddings w.r.t. only users who have rated that item.", "f_name": "fmf_cofactor_10_iter_25_k.json", "n_iterations": 10, "n_latent_features": 25, "max_depth": 5, "user_reg": 0.01, "item_reg": 0.01}