{
  "training": {
    "rmse": [
      3.084685394814453,
      2.9007325824920493,
      2.8684015449199127,
      2.9238984812251614,
      2.795556282734406,
      2.781002390929669,
      2.7657779755501,
      2.7986185687540237,
      2.767300608779343,
      2.7810435691924784
    ],
    "map": [
      0.13166931516517755,
      0.4329422282087811,
      0.42510363581189226,
      0.4100661101885298,
      0.434097154626512,
      0.4617032906642793,
      0.4587816223851313,
      0.46157678636928534,
      0.4377618045934413,
      0.4447414997773433
    ],
    "n": 20
  },
  "testing": {
    "rmse": [
      2.870687982333737,
      2.8769741303731813,
      2.8662240126128733,
      2.8394117677448056,
      2.893024453009995,
      2.8829309627222317,
      2.942983478538431,
      2.8734376362866114,
      2.9393947844980812,
      2.838240252064231
    ],
    "map": [
      0.03083586754271393,
      0.11824278655993743,
      0.11241969731204653,
      0.12257619778412224,
      0.12567538401616934,
      0.11694092335092236,
      0.10874215862849557,
      0.11442759744256246,
      0.11969402383584092,
      0.11404641061238321
    ],
    "n": 20
  },
  "name": "Functional Matrix Factorization ft. CoFactor",
  "trained_with": "Alternating Least Squares (Joint Learning on item embeddings)",
  "notes": "Updated item vectors w.r.t. all user vectors, regardless of whether they had rated the item or not. This naturally causes a higher RMSE, but much better MAP, too",
  "f_name": "fmf_cofactor_10_iter_25_k.json",
  "n_iterations": 10,
  "n_latent_features": 25,
  "max_depth": 5,
  "user_reg": 0.01,
  "item_reg": 0.01
}