{
 "training": {
  "rmse": [
   3.0842541988295857,
   3.655501576125484,
   3.3095389541553337,
   3.126843960361185,
   3.1083146194259084,
   3.093134841444429,
   3.0780526075323777,
   3.0655791948989513,
   3.056569007210915,
   3.0506338605723218,
   3.0469655442217025,
   3.044808569555425,
   3.0436054845624176,
   3.0429876827775435,
   3.0427243598755007,
   3.042674459977527,
   3.0427522162228837,
   3.0429050511679105,
   3.0431001746666517,
   3.0433166915717558,
   3.0435410141400836,
   3.0437641930136636,
   3.0439803395378724,
   3.0441856624631067,
   3.044377851324261
  ],
  "map": [
   0.014999125091046372,
   0.0019284976680455793,
   0.12655423918694106,
   0.32090558103479355,
   0.3253874792595197,
   0.3338492959121639,
   0.3529216656081854,
   0.3645772172116542,
   0.3696216172557022,
   0.38034471544389453,
   0.38831008701234365,
   0.3904340017564051,
   0.3910483743228693,
   0.3912623716751705,
   0.3914797629024841,
   0.39129282777286883,
   0.3910031424103678,
   0.3910059735033248,
   0.3907269214633004,
   0.39042730833964406,
   0.3905235187477993,
   0.39050354628115624,
   0.3907564836430016,
   0.3908734813560348,
   0.391396589766654
  ],
  "n": 20
 },
 "testing": {
  "rmse": [
   3.08905508240055,
   3.6463918182773423,
   3.328944407024001,
   3.149880109181271,
   3.13238570538,
   3.119940876505055,
   3.1081972334433634,
   3.0987902961254186,
   3.092169504582911,
   3.0879077243317288,
   3.085330056929878,
   3.0838466486301566,
   3.0830379438698428,
   3.0826337149971352,
   3.0824685171125363,
   3.082443439787017,
   3.082499742849418,
   3.0826023464310186,
   3.0827299918706697,
   3.0828695350152175,
   3.083012680649066,
   3.083154117567825,
   3.0832904419155143,
   3.0834195190227316,
   3.083540088736661
  ],
  "map": [
   0.006026756249511033,
   0.0006602056576203914,
   0.03308049737957937,
   0.09488455402942092,
   0.09588161350708932,
   0.09762842203594563,
   0.10320996363936526,
   0.10601066876175363,
   0.1084732362774317,
   0.11181654209899909,
   0.11396648296072241,
   0.11447885711681834,
   0.1145226889814072,
   0.11460947688686483,
   0.11448109834633778,
   0.11445805722175437,
   0.11460562305369885,
   0.1145363093532503,
   0.11452239396043004,
   0.11449514360218949,
   0.11457334926333936,
   0.11482796060796874,
   0.11480717523508598,
   0.11485038559229035,
   0.11485538113600464
  ],
  "n": 20
 },
 "name": "Explicit CoFactor",
 "f_name": "cofactor_25_iter_25_k.json",
 "trained_with": "Alternating Least Squares",
 "n_iterations": 25,
 "n_latent_factors": 25,
 "user_reg": 0.01,
 "item_reg": 0.01,
 "context_reg": 0.01
}