{"train": [0.7295346733190883, 0.8155694628830422, 0.8532371227451746, 0.7838069268489443, 0.6578034788069028, 0.7982359472480177, 0.794975740329628, 0.7903148777901705, 0.7896386292363126, 0.7756667859867312], "test": [0.7367798081884335, 0.8024285651737864, 0.8233002685338145, 0.7879904629650255, 0.6617908545929513, 0.8003942562024927, 0.7965301726704764, 0.7972188300716495, 0.799099237182222, 0.7763957021134076], "avg@50": [0.6367892000242619, 0.5924704802206737, 0.6280155592214802, 0.6082902137078608, 0.66384819409177, 0.7020972531037932, 0.7128995385806144, 0.6832459032109962, 0.6818380439993444, 0.7225602255501635, 0.6826233156764119, 0.7194570913520603, 0.7769423852334455, 0.7875192381191221, 0.7179336785161863, 0.7245186962633171, 0.8179236108834406, 0.7815866128797242, 0.7456186135845578, 0.7925781839419609, 0.763778698911168, 0.7490920975825, 0.7644843338034515, 0.8296177189382683, 0.8478976989599666, 0.7895960700333379, 0.8679398240777109, 0.825450243719129, 0.7636625846118108, 0.7651963966116443, 0.8493594797531329, 0.8043636089830362, 0.8156197872002439, 0.8326790393988537, 0.8224453614368088, 0.838007989104119, 0.8580564906455771, 0.7840786167006368, 0.7568085936852966, 0.7931560607907744, 0.7491411789491897, 0.7500940562189788, 0.7101052311036057, 0.7087076988242237, 0.7111783807953312, 0.7179795720189683, 0.7357006174037521, 0.777959662306218, 0.7458334516317876, 0.8141017243549362, 0.7891225891110952, 0.7974318567998907, 0.7975244341228088, 0.8162154094014, 0.7907259446264089, 0.8137307646472894, 0.8029154551803545, 0.7850251914880785, 0.8069487374854247, 0.7807216667792131, 0.8249013174819676, 0.7890326558589329, 0.7946070947885963, 0.7977294826088942, 0.8128832236562886, 0.7817251405027722, 0.78135281325142, 0.8036995129225778, 0.7861798607051702, 0.7833536368516243, 0.8246789502508155, 0.7998552032161165, 0.7873501251930044, 0.7941573376786613, 0.7800162399734768, 0.7863218387692459, 0.8092736249646467, 0.7874181379336178, 0.8122260336713509, 0.7939433997547001, 0.7984010059256189, 0.8171055260915554, 0.7982527108082835, 0.7824505367525493, 0.7877835996949386, 0.7976141064946404, 0.7963001417399249, 0.8098113794573157, 0.7768671200187842, 0.8087132034975688, 0.8001999282923816, 0.8044796767001487, 0.8105520014557166, 0.7830219120877402, 0.7800265206499727, 0.7815837252058228, 0.7850358804250445, 0.7796211683869966, 0.7991306849153598, 0.7623570626913505], "eps@50": [0.9733480924695651, 0.925854183751895, 0.8806777104745716, 0.8377055948310879, 0.7968302765754727, 0.7579494437963867, 0.7209657768279322, 0.685786704656174, 0.6523241732116479, 0.6204944249678943, 0.5716206616860866, 0.5437287905895168, 0.5171978858215134, 0.4919615398850291, 0.46795658559511777, 0.4451229379699419, 0.4234034438366067, 0.402743738775386, 0.38309211104426205, 0.3643993721431843, 0.3356971502737668, 0.31931701871011153, 0.30373614537615473, 0.28891553096867023, 0.27481807913093287, 0.2614085035996406, 0.248653239882542, 0.2365203612457005, 0.2249794988001053, 0.21400176548760727, 0.2, 0.2, 0.2, 0.2, 0.2, 0.2, 0.2, 0.2, 0.2, 0.2, 0.2, 0.2, 0.2, 0.2, 0.2, 0.2, 0.2, 0.2, 0.2, 0.2, 0.2, 0.2, 0.2, 0.2, 0.2, 0.2, 0.2, 0.2, 0.2, 0.2, 0.2, 0.2, 0.2, 0.2, 0.2, 0.2, 0.2, 0.2, 0.2, 0.2, 0.2, 0.2, 0.2, 0.2, 0.2, 0.2, 0.2, 0.2, 0.2, 0.2, 0.2, 0.2, 0.2, 0.2, 0.2, 0.2, 0.2, 0.2, 0.2, 0.2, 0.2, 0.2, 0.2, 0.2, 0.2, 0.2, 0.2, 0.2, 0.2, 0.2]}