{"train": [0.66372883233185, 0.5377161089444495, 0.527653117271678, 0.637040686911803, 0.5833557430330771, 0.5148304631125933, 0.4779317171946554, 0.5646618494349033, 0.4300468805127899, 0.6030336154274423], "test": [0.6677773630839385, 0.528816953426478, 0.5185679797759318, 0.6320561420358898, 0.587762932023344, 0.5200995878807151, 0.4857720935376104, 0.5597172363660388, 0.40859476910002834, 0.6076082695913351], "avg@50": [0.5900502263646227, 0.5571574949946855, 0.552026848727468, 0.5485206698315445, 0.5078286961619392, 0.3948922812997116, 0.3890156633098584, 0.3506752053630924, 0.29989976345893526, 0.3001729121540654, 0.2873946996287166, 0.2606916238087678, 0.2785664488246532, 0.33221259519204566, 0.21118708777033082, 0.21017621658097668, 0.1598079538925127, 0.1769647784748791, 0.1352613899688203, 0.1606764845190929, 0.09691644690019302, 0.06092592057065741, 0.1448394129176637, 0.10121870107446734, 0.17194643022955716, 0.18733541801335918, 0.1090069891924381, 0.10276029407469035, 0.17096830053761167, 0.15346247146386466, 0.10661707105673823, 0.1327325881076268, 0.0481682009510957, 0.10917084195044723, 0.18285765992693237, 0.18245797897922514, 0.08993488909611201, 0.09157128159937755, 0.13841034582892167, 0.1825930707665228, 0.1343984798440294, 0.15029297390346152, 0.10866705585436236, 0.1338957985641809, 0.14552531712353695, 0.08969419652415007, 0.16376919535143222, 0.11900306352574155, 0.07309037766499066, 0.1211483040823985, 0.10561334775475643, 0.17189335031583483, 0.12530269514627101, 0.12986299661380932, 0.09868310067555425, 0.09886709987209212, 0.10327257755144753, 0.06873006920410173, 0.14014682740290327, 0.13939902054859485, 0.11071624685943571, 0.07744595505114082, 0.061490271939962336, 0.1369356167267545, 0.15517285352246651, 0.11010419092431477, 0.1494142962730424, 0.08167981808353325, 0.16062538394697834, 0.12904181809762305, 0.17011465739283074, 0.16375683851322395, 0.05541516996505387, 0.10091247806630933, 0.10107549788103193, 0.10001892961699463, 0.1273411467918047, 0.1392487281423427, 0.10676813553233831, 0.12358725283574355, 0.07246620369224858, 0.12704019852266757, 0.13240832423080875, 0.0714381972430734, 0.11308119696351122, 0.11150597460674863, 0.08275449763085212, 0.08111823505441926, 0.10019324411398714, 0.15101989324315176, 0.10073820646587675, 0.11671519270633049, 0.08406227795682131, 0.08553327210285415, 0.13549449805870084, 0.13415964306161676, 0.03808186643937418, 0.06964089339453117, 0.13971524512639064, 0.09739054971086705], "eps@50": [0.9249283295681431, 0.8368678892362568, 0.7571914943525904, 0.6851009179515178, 0.6198739305429264, 0.5608570645557482, 0.5074590676632879, 0.45914497940338683, 0.41543077175087, 0.3758784999495749, 0.3189977016914014, 0.2886266154377016, 0.26114709509604095, 0.2362838408844548, 0.21378776372211966, 0.2, 0.2, 0.2, 0.2, 0.2, 0.2, 0.2, 0.2, 0.2, 0.2, 0.2, 0.2, 0.2, 0.2, 0.2, 0.2, 0.2, 0.2, 0.2, 0.2, 0.2, 0.2, 0.2, 0.2, 0.2, 0.2, 0.2, 0.2, 0.2, 0.2, 0.2, 0.2, 0.2, 0.2, 0.2, 0.2, 0.2, 0.2, 0.2, 0.2, 0.2, 0.2, 0.2, 0.2, 0.2, 0.2, 0.2, 0.2, 0.2, 0.2, 0.2, 0.2, 0.2, 0.2, 0.2, 0.2, 0.2, 0.2, 0.2, 0.2, 0.2, 0.2, 0.2, 0.2, 0.2, 0.2, 0.2, 0.2, 0.2, 0.2, 0.2, 0.2, 0.2, 0.2, 0.2, 0.2, 0.2, 0.2, 0.2, 0.2, 0.2, 0.2, 0.2, 0.2, 0.2]}