{"train": [0.48292607232060775, 0.6095751091254872, 0.6424365259917253, 0.34987045460582, 0.6153915088698181, 0.5686039894148097, 0.34442962969463525, 0.6119078962290222, 0.5365662630322939, 0.526093580158739], "test": [0.46444595732026817, 0.6137974447669806, 0.6425433087306608, 0.3605643720669528, 0.6223114904811256, 0.5834992403595214, 0.3503515959695735, 0.6116706126533782, 0.5395315315383279, 0.5333957002826798], "avg@50": [0.5898746585715626, 0.5066274539916569, 0.46838831366002426, 0.4748700921068955, 0.45417094037713235, 0.4314664982377444, 0.36727224995077157, 0.4017880508122768, 0.2740475607854478, 0.3306336596410126, 0.31942124793421234, 0.26518878648011773, 0.33299000971079146, 0.34727958545152826, 0.23522919505674925, 0.14847484093134247, 0.18868018865809114, 0.27131460897633497, 0.23663636428930546, 0.2655926971377436, 0.2620066596458237, 0.21179215743836483, 0.2428038471074849, 0.31060982905123774, 0.16142556922351814, 0.31958416190792355, 0.1208445126940483, 0.24874222844578886, 0.20907179422314873, 0.2494455485647823, 0.348437707906129, 0.19821286815180003, 0.19660945224795845, 0.19148551778029335, 0.2188665722779113, 0.23578193102477157, 0.32963656234546335, 0.29376725699910683, 0.11526908334183876, 0.25896268576195053, 0.34193445799126915, 0.20943903480850076, 0.26396780323219954, 0.3640835881095169, 0.2958884292393193, 0.1711671324332702, 0.2926743247550523, 0.2166807268797594, 0.20680037110722094, 0.22267704199824942, 0.24817559426297817, 0.14732753224158024, 0.1897153959473619, 0.2284387104553513, 0.3399385335725506, 0.21568114252878182, 0.2521260739991003, 0.1839187974650049, 0.2777274373330487, 0.26229379404135594, 0.2599064369840685, 0.2377098804704068, 0.23688175721337487, 0.28085614845251067, 0.38805487443413145, 0.31788288267889664, 0.26387643325886356, 0.2870876879828118, 0.23707052421262947, 0.22546880835452815, 0.19712544319285805, 0.28176897551193214, 0.2334912286586822, 0.2586664176810462, 0.3327147619795066, 0.23740277025605974, 0.2807082310362496, 0.15721121134627328, 0.23026630471351836, 0.19355085153924165, 0.14272278416028417, 0.21466442610966607, 0.2847380194023383, 0.29480048310822304, 0.19926010312357065, 0.2447061060069961, 0.28973944223990666, 0.3539601716695757, 0.23743436805712348, 0.20001859026336583, 0.22997945630650737, 0.20963149632445302, 0.15524969964675847, 0.1781255402191548, 0.18997323694966883, 0.3403456163332711, 0.3070992067229296, 0.34774000609813305, 0.2310215068428304, 0.13554365999497578], "eps@50": [0.8789172357313328, 0.7564343028582378, 0.6510201771893979, 0.5602962074911925, 0.48221522331969646, 0.41501534097911913, 0.3571802069256231, 0.3074047815158953, 0.26456589101677996, 0.22769688338723304, 0.2, 0.2, 0.2, 0.2, 0.2, 0.2, 0.2, 0.2, 0.2, 0.2, 0.2, 0.2, 0.2, 0.2, 0.2, 0.2, 0.2, 0.2, 0.2, 0.2, 0.2, 0.2, 0.2, 0.2, 0.2, 0.2, 0.2, 0.2, 0.2, 0.2, 0.2, 0.2, 0.2, 0.2, 0.2, 0.2, 0.2, 0.2, 0.2, 0.2, 0.2, 0.2, 0.2, 0.2, 0.2, 0.2, 0.2, 0.2, 0.2, 0.2, 0.2, 0.2, 0.2, 0.2, 0.2, 0.2, 0.2, 0.2, 0.2, 0.2, 0.2, 0.2, 0.2, 0.2, 0.2, 0.2, 0.2, 0.2, 0.2, 0.2, 0.2, 0.2, 0.2, 0.2, 0.2, 0.2, 0.2, 0.2, 0.2, 0.2, 0.2, 0.2, 0.2, 0.2, 0.2, 0.2, 0.2, 0.2, 0.2, 0.2]}