{"train": [0.6057094680498064, 0.5959759179768156, 0.5666401693769831, 0.5761896449690589, 0.5642475305367614, 0.6970365777688241, 0.588371898169576, 0.5192537403616535, 0.606526131306034, 0.5944064745613135], "test": [0.6105075747891193, 0.5977899775938049, 0.5622198802736554, 0.5693464995983519, 0.5679524694670732, 0.6883508511790812, 0.5794036538173971, 0.5339752898399996, 0.6027600382042693, 0.5961891118712264], "avg@50": [0.5621989093508831, 0.5358860101757547, 0.3950765008469343, 0.3648060988675927, 0.3816506459699572, 0.3420854966670756, 0.23789103703314232, 0.13165462943059691, 0.19682110062709907, 0.1760979880542574, 0.20649546430521665, 0.13272990455536895, 0.16487991688394163, 0.24080545293629657, 0.13339519848057, 0.11312643154918696, 0.21909317370366135, 0.12892015420080438, 0.22362736865387792, 0.1621209304670218, 0.19048215018555578, 0.13423627002942018, 0.1541760895193558, 0.15020810586901917, 0.19873635498058875, 0.23490081954509198, 0.1958898683188157, 0.2737830584663015, 0.21850373854301874, 0.19190006108872207, 0.20282652782803712, 0.12910243896110768, 0.16077442959087698, 0.1803595686563179, 0.09953977612085196, 0.1840836903937136, 0.1872082313541292, 0.19250068329503314, 0.1746999344695552, 0.2085910081791274, 0.20044213660007004, 0.14236193207377418, 0.20423502205998337, 0.13626088018019136, 0.21487510720703448, 0.1695826141651606, 0.18539639048172332, 0.21257236566752818, 0.2318936143320044, 0.23752453309504395, 0.20305674257802742, 0.17226710750120197, 0.31521869253467555, 0.14220270015931782, 0.17224368047673003, 0.217179368021899, 0.1916092498231043, 0.1561111312105507, 0.249146071528231, 0.16817465670294618, 0.3200142866163764, 0.16186246430727855, 0.21687829819389418, 0.24906171081240744, 0.17277173885196329, 0.1766392768652057, 0.17393929286228046, 0.2418460090090508, 0.18389856253567557, 0.2564656605606296, 0.2576395495457415, 0.1310536812602602, 0.18809756823843515, 0.1572705593254355, 0.23676751919820802, 0.2381564902761497, 0.15704789450315768, 0.20635809051199921, 0.2636937721549177, 0.26049862453507966, 0.21072998245734312, 0.1368115863539625, 0.20568976041158707, 0.15901090903420625, 0.2455703098243346, 0.19768886652563122, 0.14965174576455534, 0.1900721870965292, 0.2524213850262225, 0.19859668768623875, 0.19589815388000376, 0.24994009720929228, 0.2595119919854827, 0.22348314936697292, 0.25169024068037227, 0.22672473778801178, 0.2586598230501868, 0.16554788448995106, 0.22963979512919142, 0.28196245050958674], "eps@50": [0.8351949903256736, 0.6837314012165328, 0.5597359112837013, 0.45822714858955943, 0.3751271188281757, 0.30709737673437937, 0.25140490799955945, 0.20581233365902327, 0.2, 0.2, 0.2, 0.2, 0.2, 0.2, 0.2, 0.2, 0.2, 0.2, 0.2, 0.2, 0.2, 0.2, 0.2, 0.2, 0.2, 0.2, 0.2, 0.2, 0.2, 0.2, 0.2, 0.2, 0.2, 0.2, 0.2, 0.2, 0.2, 0.2, 0.2, 0.2, 0.2, 0.2, 0.2, 0.2, 0.2, 0.2, 0.2, 0.2, 0.2, 0.2, 0.2, 0.2, 0.2, 0.2, 0.2, 0.2, 0.2, 0.2, 0.2, 0.2, 0.2, 0.2, 0.2, 0.2, 0.2, 0.2, 0.2, 0.2, 0.2, 0.2, 0.2, 0.2, 0.2, 0.2, 0.2, 0.2, 0.2, 0.2, 0.2, 0.2, 0.2, 0.2, 0.2, 0.2, 0.2, 0.2, 0.2, 0.2, 0.2, 0.2, 0.2, 0.2, 0.2, 0.2, 0.2, 0.2, 0.2, 0.2, 0.2, 0.2]}