{"train": [0.6024813597049988, 0.5766527652723721, 0.5947047194577616, 0.6941185855694421, 0.6100101367365903, 0.5945756878608296, 0.5958022864140361, 0.7257798351653939, 0.6098374736971932, 0.617812597185495], "test": [0.6131567289994148, 0.5742257117491163, 0.5998808876937137, 0.6906274345274936, 0.6152731167333668, 0.5904274793505409, 0.5901760952282528, 0.7287908287945574, 0.6260181326446828, 0.6350891761855623], "avg@50": [0.5003708193638148, 0.5014019348771285, 0.4868507453932377, 0.2911587846020509, 0.341178055385447, 0.32249814505240204, 0.3118814107074556, 0.15681593257104093, 0.19425347786028901, 0.23221964307192636, 0.1478816386958415, 0.28288157007681003, 0.14522212600351145, 0.18576392285904672, 0.16012050767859592, 0.2032997261037896, 0.19695277595211805, 0.25692831542382627, 0.1916634173317223, 0.13269061012516897, 0.24668763070005334, 0.2389848101975424, 0.2101432409308957, 0.22652810581231633, 0.19197971349685744, 0.20045137961024184, 0.18625302157852466, 0.2190721903483514, 0.17082403653278266, 0.2052212433679152, 0.24370391576517736, 0.2403432074976967, 0.1957571340982719, 0.15607335474982534, 0.2267372183243313, 0.22640717820191505, 0.10090037951814267, 0.3250227404475469, 0.211514394888737, 0.26542896351584433, 0.1602789563893279, 0.190132593597493, 0.18495913101776107, 0.15788557538952275, 0.15160930239351295, 0.2823432952883031, 0.1284131570441942, 0.17798594741172138, 0.2177815681394629, 0.22603780175792565, 0.19569521656104477, 0.17243605411186683, 0.24670666031165253, 0.22997624425797802, 0.22259996284675077, 0.15243659577866234, 0.14104075275000197, 0.2365157292569831, 0.19799888174261238, 0.21442822665810288, 0.1985175894281157, 0.2855211100689817, 0.22839214902744318, 0.31145235524279635, 0.23941164160916487, 0.22489610615133063, 0.21234283738707116, 0.22450772086530602, 0.15940126212796493, 0.21819258487470564, 0.26320537246551184, 0.2700443584709065, 0.1829482965306108, 0.20537882835688565, 0.24246608798408334, 0.258641326608548, 0.1634876577155215, 0.19519110066490097, 0.20789182626798727, 0.18198286244199557, 0.21123552622128475, 0.20888769481722266, 0.2311584853957532, 0.28193151411282213, 0.24492548768311154, 0.2171519962149993, 0.23423834577015692, 0.15002350269269774, 0.2265633715613592, 0.23592422504825755, 0.27840798981720033, 0.10337916589344609, 0.25968774943237016, 0.1872999278714062, 0.16698487676753931, 0.16333166175070205, 0.1728559280202082, 0.1937098574885727, 0.2366819472409256, 0.14597938344335407], "eps@50": [0.7936477332643059, 0.6180161677532153, 0.48125127508828036, 0.3747519917093475, 0.2918206404011315, 0.22724171731734197, 0.2, 0.2, 0.2, 0.2, 0.2, 0.2, 0.2, 0.2, 0.2, 0.2, 0.2, 0.2, 0.2, 0.2, 0.2, 0.2, 0.2, 0.2, 0.2, 0.2, 0.2, 0.2, 0.2, 0.2, 0.2, 0.2, 0.2, 0.2, 0.2, 0.2, 0.2, 0.2, 0.2, 0.2, 0.2, 0.2, 0.2, 0.2, 0.2, 0.2, 0.2, 0.2, 0.2, 0.2, 0.2, 0.2, 0.2, 0.2, 0.2, 0.2, 0.2, 0.2, 0.2, 0.2, 0.2, 0.2, 0.2, 0.2, 0.2, 0.2, 0.2, 0.2, 0.2, 0.2, 0.2, 0.2, 0.2, 0.2, 0.2, 0.2, 0.2, 0.2, 0.2, 0.2, 0.2, 0.2, 0.2, 0.2, 0.2, 0.2, 0.2, 0.2, 0.2, 0.2, 0.2, 0.2, 0.2, 0.2, 0.2, 0.2, 0.2, 0.2, 0.2, 0.2]}